ticker,archetype,eng_verdict,eng_mos,target_verdict,target_lo,target_hi,cause
NATCOPHARM,PHARMA,BUY,0.972387725748791,LOW CONF,884.7,1837.4,engine-rich: exit-multiple/sector-P-E leg inflation (VAL-01 family)
GODFRYPHLP,CONSUMER,BUY,0.9685432668880027,BUY,1805.0,3748.8,engine-rich: thin-margin name on rich sector multiples (VAL-01/AWL-class)
AWL,CONSUMER,BUY,0.9120234307550004,REDUCE,104.8,217.6,engine-rich: thin-margin name on rich sector multiples (VAL-01/AWL-class)
KKCL,CONSUMER_DISC,BUY,0.8876043198664012,REDUCE,287.5,597.2,engine-rich: exit-multiple/sector-P-E leg inflation (VAL-01 family)
GENUSPOWER,MANUFACTURING,BUY,0.858350951797276,AVOID,143.8,298.6,engine-rich: exit-multiple/sector-P-E leg inflation (VAL-01 family)
COALINDIA,ENERGY,BUY,0.8354643649219108,BUY,327.7,822.2,engine-rich: thin-margin name on rich sector multiples (VAL-01/AWL-class)
KPITTECH,IT_SERVICES,BUY,0.7708772013080868,REDUCE,291.4,605.1,engine-rich: exit-multiple/sector-P-E leg inflation (VAL-01 family)
BLS,CONSUMER,BUY,0.7651939727345547,LOW CONF,343.6,713.6,engine-bearish: compounder growth/CAP caps (VAL-02)
SAMHI,CONSUMER_DISC,BUY,0.7443942849015301,LOW CONF,383.8,797.1,engine-bearish: compounder growth/CAP caps (VAL-02)
CESC,UTILITIES,BUY,0.7427650038435465,AVOID,78.5,163.1,engine-rich: exit-multiple/sector-P-E leg inflation (VAL-01 family)
WEBELSOLAR,MANUFACTURING,BUY,0.6188829625313877,LOW CONF,28.4,58.9,engine-rich: exit-multiple/sector-P-E leg inflation (VAL-01 family)
CHALET,CONSUMER,BUY,0.5161624458332322,LOW CONF,121.8,252.9,engine-rich: exit-multiple/sector-P-E leg inflation (VAL-01 family)
WIPRO,IT_SERVICES,BUY,0.51603813001542,AVOID,93.8,126.9,engine-rich: exit-multiple/sector-P-E leg inflation (VAL-01 family)
HCLTECH,IT_SERVICES,BUY,0.51582593183737,REDUCE,702.6,1459.3,engine-rich: thin-margin name on rich sector multiples (VAL-01/AWL-class)
TCS,IT_SERVICES,BUY,0.45964158064104527,ACCUMULATE,2045.5,2767.4,engine-rich: thin-margin name on rich sector multiples (VAL-01/AWL-class)
INDIAMART,CONSUMER,BUY,0.4123336281763823,BUY,1463.1,3038.7,threshold/judgment difference (<0.30 gap)
LEMONTREE,CONSUMER,BUY,0.3866425073574831,AVOID,54.2,112.5,engine-rich: exit-multiple/sector-P-E leg inflation (VAL-01 family)
HEXT,IT_SERVICES,BUY,0.37872605265784887,REDUCE,284.0,589.9,engine-rich: exit-multiple/sector-P-E leg inflation (VAL-01 family)
GPPL,LOGISTICS,BUY,0.37664434331120106,AVOID,68.0,141.3,engine-rich: exit-multiple/sector-P-E leg inflation (VAL-01 family)
INDUSTOWER,TELECOM,BUY,0.3752775665454349,ACCUMULATE,345.7,506.8,engine-rich: thin-margin name on rich sector multiples (VAL-01/AWL-class)
ZENSARTECH,IT_SERVICES,BUY,0.3195680664330415,ACCUMULATE,472.6,639.3,threshold/judgment difference (<0.30 gap)
ZYDUSLIFE,PHARMA,BUY,0.31904984573079315,REDUCE,668.0,1387.3,engine-rich: thin-margin name on rich sector multiples (VAL-01/AWL-class)
NMDC,METAL,BUY,0.2520328125508649,REDUCE,39.2,97.6,engine-rich: thin-margin name on rich sector multiples (VAL-01/AWL-class)
CRIZAC,MANUFACTURING,BUY,0.2241588377981403,REDUCE,90.4,187.8,engine-rich: exit-multiple/sector-P-E leg inflation (VAL-01 family)
GRINFRA,CONSTRUCTION,ACCUMULATE,0.9301256545643602,REDUCE,561.7,999.1,engine-rich: exit-multiple/sector-P-E leg inflation (VAL-01 family)
MASTEK,IT_SERVICES,ACCUMULATE,0.877417539602734,ACCUMULATE,1704.4,2305.9,engine-rich: exit-multiple/sector-P-E leg inflation (VAL-01 family)
LGBBROSLTD,CAPITAL_GOODS,ACCUMULATE,0.829988576919325,REDUCE,1032.8,1397.3,engine-rich: exit-multiple/sector-P-E leg inflation (VAL-01 family)
PNGJL,CONSUMER_DISC,ACCUMULATE,0.7904349053044782,LOW CONF,173.2,359.7,engine-rich: thin-margin name on rich sector multiples (VAL-01/AWL-class)
REDINGTON,DISTRIBUTION,ACCUMULATE,0.7882281286149788,AVOID,106.0,220.2,engine-rich: thin-margin name on rich sector multiples (VAL-01/AWL-class)
LTFOODS,CONSUMER,ACCUMULATE,0.7822627992996695,BUY,312.9,649.8,engine-rich: exit-multiple/sector-P-E leg inflation (VAL-01 family)
PATELENG,CONSTRUCTION,ACCUMULATE,0.7746016734121137,REDUCE,17.6,28.1,engine-rich: exit-multiple/sector-P-E leg inflation (VAL-01 family)
COROMANDEL,CHEMICALS,ACCUMULATE,0.742875305899026,AVOID,731.7,1835.6,engine-rich: exit-multiple/sector-P-E leg inflation (VAL-01 family)
BPCL,ENERGY,ACCUMULATE,0.7048989643179114,BUY,215.3,540.1,engine-rich: exit-multiple/sector-P-E leg inflation (VAL-01 family)
BALMLAWRIE,MANUFACTURING,ACCUMULATE,0.7018439919232233,REDUCE,119.4,161.5,engine-rich: exit-multiple/sector-P-E leg inflation (VAL-01 family)
SBIN,BANK,ACCUMULATE,0.68349698865689,LOW CONF,1351.5,2806.9,engine-bearish: terminal-ROE cap forbids premium book multiples (VAL-02-fin)
PNB,BANK,ACCUMULATE,0.6224575127655444,LOW CONF,191.5,397.7,engine-bearish: terminal-ROE cap forbids premium book multiples (VAL-02-fin)
JKIL,CONSTRUCTION,ACCUMULATE,0.5957846448975664,REDUCE,324.1,517.7,engine-rich: exit-multiple/sector-P-E leg inflation (VAL-01 family)
KRISHANA,CHEMICALS,ACCUMULATE,0.5773369366241755,AVOID,52.9,132.6,engine-rich: exit-multiple/sector-P-E leg inflation (VAL-01 family)
RAYMOND,REALTY,ACCUMULATE,0.5595967725577297,REDUCE,300.4,753.7,engine-rich: thin-margin name on rich sector multiples (VAL-01/AWL-class)
KPIGREEN,UTILITIES,ACCUMULATE,0.5465652485805131,AVOID,174.0,361.3,engine-rich: exit-multiple/sector-P-E leg inflation (VAL-01 family)
INDIANB,BANK,ACCUMULATE,0.5280918851466232,BUY,910.6,1232.0,threshold/judgment difference (<0.30 gap)
EIDPARRY,CONSUMER,ACCUMULATE,0.5038251390914832,AVOID,330.9,557.4,engine-rich: exit-multiple/sector-P-E leg inflation (VAL-01 family)
DDEVPLSTIK,MANUFACTURING,ACCUMULATE,0.4921630924180703,AVOID,124.7,259.0,engine-rich: exit-multiple/sector-P-E leg inflation (VAL-01 family)
RAYMONDREL,REALTY,ACCUMULATE,0.4908872772882638,REDUCE,300.4,753.7,engine-rich: thin-margin name on rich sector multiples (VAL-01/AWL-class)
WEWORK,REALTY,ACCUMULATE,0.4857261836148823,LOW CONF,68.9,172.8,engine-rich: thin-margin name on rich sector multiples (VAL-01/AWL-class)
SHAKTIPUMP,CAPITAL_GOODS,ACCUMULATE,0.43202171741322853,AVOID,223.0,301.7,engine-rich: exit-multiple/sector-P-E leg inflation (VAL-01 family)
EIEL,UTILITIES,ACCUMULATE,0.4281047517504901,REDUCE,113.2,235.1,engine-rich: exit-multiple/sector-P-E leg inflation (VAL-01 family)
JKTYRE,AUTO,ACCUMULATE,0.40638887339469854,AVOID,95.2,217.5,engine-rich: thin-margin name on rich sector multiples (VAL-01/AWL-class)
AGI,MANUFACTURING,ACCUMULATE,0.3707039375068763,AVOID,290.3,603.0,engine-rich: exit-multiple/sector-P-E leg inflation (VAL-01 family)
JYOTHYLAB,CONSUMER,ACCUMULATE,0.340284515324987,ACCUMULATE,144.1,299.4,threshold/judgment difference (<0.30 gap)
VADILALIND,CONSUMER,ACCUMULATE,0.3266235217688051,AVOID,3023.7,6279.9,engine-rich: exit-multiple/sector-P-E leg inflation (VAL-01 family)
ACC,CEMENT,ACCUMULATE,0.32539937591521073,REDUCE,850.0,1436.9,engine-rich: thin-margin name on rich sector multiples (VAL-01/AWL-class)
FSL,MANUFACTURING,ACCUMULATE,0.3156215229317665,AVOID,67.8,129.6,engine-rich: exit-multiple/sector-P-E leg inflation (VAL-01 family)
CYIENT,IT_SERVICES,ACCUMULATE,0.30966755714101935,AVOID,325.0,494.0,engine-rich: exit-multiple/sector-P-E leg inflation (VAL-01 family)
SHARDAMOTR,MANUFACTURING,ACCUMULATE,0.30190783445645797,AVOID,408.9,849.2,engine-rich: exit-multiple/sector-P-E leg inflation (VAL-01 family)
CCL,CONSUMER,ACCUMULATE,0.2742199706751291,LOW CONF,380.2,789.6,engine-rich: exit-multiple/sector-P-E leg inflation (VAL-01 family)
AURIONPRO,IT_SERVICES,ACCUMULATE,0.2516966856975089,AVOID,461.9,624.9,engine-rich: exit-multiple/sector-P-E leg inflation (VAL-01 family)
SHARDACROP,CHEMICALS,ACCUMULATE,0.2288048997495497,LOW CONF,866.0,2172.6,engine-bearish: trough extrapolation + AVOID asymmetry (VAL-10)
LTM,IT_SERVICES,ACCUMULATE,0.22026812239066756,REDUCE,2069.4,4297.9,engine-rich: thin-margin name on rich sector multiples (VAL-01/AWL-class)
AIIL,NBFC,ACCUMULATE,0.19990449054899223,LOW CONF,201.9,419.3,engine-rich: lender RI above my justified-P/B (review forecast ROE)
NH,PHARMA,ACCUMULATE,0.199852053384534,LOW CONF,740.5,1538.0,engine-rich: exit-multiple/sector-P-E leg inflation (VAL-01 family)
MANYAVAR,CONSUMER_DISC,ACCUMULATE,0.19975445763242977,AVOID,168.7,350.5,engine-rich: thin-margin name on rich sector multiples (VAL-01/AWL-class)
BAJAJHLDNG,NBFC,ACCUMULATE,0.1809367581178994,REDUCE,7691.3,10405.9,engine-rich: lender RI above my justified-P/B (review forecast ROE)
KARURVYSYA,BANK,ACCUMULATE,0.17477243229542636,BUY,355.6,501.7,threshold/judgment difference (<0.30 gap)
WELCORP,CAPITAL_GOODS,ACCUMULATE,0.15732505348546919,AVOID,724.1,1503.9,engine-rich: exit-multiple/sector-P-E leg inflation (VAL-01 family)
MUTHOOTFIN,NBFC,ACCUMULATE,0.14179778211970068,BUY,3560.4,4817.0,threshold/judgment difference (<0.30 gap)
EIHOTEL,CONSUMER,ACCUMULATE,0.13422470878334194,REDUCE,165.2,343.1,engine-rich: exit-multiple/sector-P-E leg inflation (VAL-01 family)
GOLDIAM,CONSUMER_DISC,ACCUMULATE,0.12197168200558707,AVOID,157.4,326.9,engine-rich: thin-margin name on rich sector multiples (VAL-01/AWL-class)
ECLERX,MANUFACTURING,ACCUMULATE,0.11751775809445907,LOW CONF,238.8,496.0,engine-rich: exit-multiple/sector-P-E leg inflation (VAL-01 family)
LTTS,IT_SERVICES,ACCUMULATE,0.10228408394702394,LOW CONF,1215.7,2525.0,engine-rich: exit-multiple/sector-P-E leg inflation (VAL-01 family)
PREMIERENE,CAPITAL_GOODS,ACCUMULATE,0.07575625290351547,AVOID,446.7,927.7,engine-rich: thin-margin name on rich sector multiples (VAL-01/AWL-class)
WAAREERTL,UTILITIES,ACCUMULATE,0.07526131644586447,AVOID,421.3,875.0,engine-rich: exit-multiple/sector-P-E leg inflation (VAL-01 family)
SANOFI,IT_SERVICES,ACCUMULATE,0.06588332698813522,REDUCE,1962.0,4074.9,threshold/judgment difference (<0.30 gap)
PGHL,IT_SERVICES,ACCUMULATE,0.05213189631393012,REDUCE,3701.6,7688.0,threshold/judgment difference (<0.30 gap)
HDFCBANK,BANK,REDUCE,-0.10004294254298185,BUY,659.6,1270.8,threshold/judgment difference (<0.30 gap)
AHLUCONT,CONSTRUCTION,REDUCE,-0.10146094202444432,AVOID,278.7,445.3,engine-rich: exit-multiple/sector-P-E leg inflation (VAL-01 family)
LOTUSDEV,MANUFACTURING,REDUCE,-0.10567518717280396,LOW CONF,36.1,75.0,engine-rich: exit-multiple/sector-P-E leg inflation (VAL-01 family)
PICCADIL,CONSUMER,REDUCE,-0.10726409419373482,LOW CONF,174.4,362.2,engine-rich: exit-multiple/sector-P-E leg inflation (VAL-01 family)
ERIS,PHARMA,REDUCE,-0.11013115497264672,LOW CONF,516.9,1073.6,engine-rich: exit-multiple/sector-P-E leg inflation (VAL-01 family)
SWARAJENG,AUTO,REDUCE,-0.11063858243947307,AVOID,1283.9,3220.9,threshold/judgment difference (<0.30 gap)
FINCABLES,CAPITAL_GOODS,REDUCE,-0.1143090152071227,AVOID,380.9,515.4,engine-rich: exit-multiple/sector-P-E leg inflation (VAL-01 family)
ONGC,ENERGY,REDUCE,-0.12014379302252308,BUY,230.6,397.5,engine-bearish: trough extrapolation + AVOID asymmetry (VAL-10)
LT,CONSTRUCTION,REDUCE,-0.1203839910909931,AVOID,1023.1,2258.7,engine-rich: exit-multiple/sector-P-E leg inflation (VAL-01 family)
LUMAXIND,AUTO,REDUCE,-0.12101843143566807,AVOID,1900.8,4768.6,threshold/judgment difference (<0.30 gap)
DHANUKA,CHEMICALS,REDUCE,-0.12338019369766606,BUY,665.6,1669.9,threshold/judgment difference (<0.30 gap)
JLHL,PHARMA,REDUCE,-0.12491424591565009,AVOID,454.1,614.3,engine-rich: exit-multiple/sector-P-E leg inflation (VAL-01 family)
KPIL,CONSTRUCTION,REDUCE,-0.13172587851729722,AVOID,442.3,706.6,engine-rich: thin-margin name on rich sector multiples (VAL-01/AWL-class)
ADANIPORTS,MANUFACTURING,REDUCE,-0.1334937816963405,LOW CONF,388.2,806.3,engine-rich: exit-multiple/sector-P-E leg inflation (VAL-01 family)
JUBLFOOD,CONSUMER,REDUCE,-0.1347274051202592,LOW CONF,33.7,70.0,engine-rich: thin-margin name on rich sector multiples (VAL-01/AWL-class)
UNIVCABLES,MANUFACTURING,REDUCE,-0.13652521063326267,AVOID,328.8,450.9,engine-rich: exit-multiple/sector-P-E leg inflation (VAL-01 family)
SEAMECLTD,LOGISTICS,REDUCE,-0.13653291325412686,AVOID,314.8,425.9,engine-rich: exit-multiple/sector-P-E leg inflation (VAL-01 family)
COFORGE,IT_SERVICES,REDUCE,-0.14336942824512658,LOW CONF,414.4,860.7,engine-rich: exit-multiple/sector-P-E leg inflation (VAL-01 family)
JAMNAAUTO,MANUFACTURING,REDUCE,-0.14554535695331,LOW CONF,37.0,76.9,engine-rich: exit-multiple/sector-P-E leg inflation (VAL-01 family)
VEDL,METAL,REDUCE,-0.15097640562299186,AVOID,92.1,231.0,threshold/judgment difference (<0.30 gap)
RAMRAT,MANUFACTURING,REDUCE,-0.15894302401805763,LOW CONF,71.7,148.8,engine-rich: thin-margin name on rich sector multiples (VAL-01/AWL-class)
MEDPLUS,CONSUMER_DISC,REDUCE,-0.1600195877461016,AVOID,200.8,271.7,engine-rich: thin-margin name on rich sector multiples (VAL-01/AWL-class)
RAILTEL,TELECOM,REDUCE,-0.16031933147312705,AVOID,115.8,240.4,threshold/judgment difference (<0.30 gap)
IDBI,BANK,REDUCE,-0.16099368132217937,LOW CONF,102.2,212.2,engine-bearish: terminal-ROE cap forbids premium book multiples (VAL-02-fin)
V2RETAIL,CONSUMER_DISC,REDUCE,-0.16633877116091275,LOW CONF,43.6,90.5,engine-rich: thin-margin name on rich sector multiples (VAL-01/AWL-class)
STARCEMENT,CEMENT,REDUCE,-0.16886464383742977,AVOID,75.0,119.8,engine-rich: exit-multiple/sector-P-E leg inflation (VAL-01 family)
FINPIPE,MANUFACTURING,REDUCE,-0.170524853374463,AVOID,51.7,70.0,engine-rich: exit-multiple/sector-P-E leg inflation (VAL-01 family)
KANSAINER,CHEMICALS,REDUCE,-0.17116960144139085,AVOID,46.3,94.1,engine-rich: exit-multiple/sector-P-E leg inflation (VAL-01 family)
DABUR,CONSUMER,REDUCE,-0.17416172448816414,AVOID,131.3,177.7,engine-rich: exit-multiple/sector-P-E leg inflation (VAL-01 family)
TRUALT,CHEMICALS,REDUCE,-0.17663924474030077,AVOID,87.5,139.7,engine-rich: exit-multiple/sector-P-E leg inflation (VAL-01 family)
IKS,IT_SERVICES,REDUCE,-0.1796841222685075,LOW CONF,599.2,1244.4,engine-rich: exit-multiple/sector-P-E leg inflation (VAL-01 family)
KIRLOSENG,CAPITAL_GOODS,REDUCE,-0.18036396995331402,AVOID,421.6,587.2,engine-rich: exit-multiple/sector-P-E leg inflation (VAL-01 family)
LUXIND,CONSUMER_DISC,REDUCE,-0.18051274738185905,AVOID,281.0,380.2,engine-rich: thin-margin name on rich sector multiples (VAL-01/AWL-class)
GLOBUSSPR,CONSUMER,REDUCE,-0.18545055517883266,AVOID,89.0,143.8,engine-rich: thin-margin name on rich sector multiples (VAL-01/AWL-class)
ARE&M,AUTO,REDUCE,-0.18811233002621836,AVOID,380.9,694.3,threshold/judgment difference (<0.30 gap)
ITCHOTELS,CONSUMER,REDUCE,-0.1899591889486335,AVOID,32.8,48.5,engine-rich: exit-multiple/sector-P-E leg inflation (VAL-01 family)
HATSUN,CONSUMER,REDUCE,-0.19010729106929897,LOW CONF,225.4,468.1,engine-rich: thin-margin name on rich sector multiples (VAL-01/AWL-class)
STYL,NBFC,REDUCE,-0.1906048543926004,AVOID,174.1,235.5,threshold/judgment difference (<0.30 gap)
WHIRLPOOL,CONSUMER_DISC,REDUCE,-0.19292911071055766,AVOID,188.7,324.3,engine-rich: exit-multiple/sector-P-E leg inflation (VAL-01 family)
PSPPROJECT,CONSTRUCTION,REDUCE,-0.1979478737012485,AVOID,92.6,162.1,engine-rich: thin-margin name on rich sector multiples (VAL-01/AWL-class)
SHRIPISTON,AUTO,REDUCE,-0.1987610668281154,LOW CONF,1317.4,3305.0,threshold/judgment difference (<0.30 gap)
PCBL,CHEMICALS,REDUCE,-0.20062864486108,AVOID,39.1,62.5,engine-rich: thin-margin name on rich sector multiples (VAL-01/AWL-class)
AWFIS,REALTY,REDUCE,-0.20471839341714457,AVOID,65.6,104.8,engine-rich: exit-multiple/sector-P-E leg inflation (VAL-01 family)
BANARISUG,CONSUMER,REDUCE,-0.21226683440825633,AVOID,1287.0,2062.6,engine-rich: exit-multiple/sector-P-E leg inflation (VAL-01 family)
TEXRAIL,CAPITAL_GOODS,REDUCE,-0.21696239933168252,AVOID,30.9,41.8,engine-rich: thin-margin name on rich sector multiples (VAL-01/AWL-class)
MARKSANS,IT_SERVICES,REDUCE,-0.2177199820411726,AVOID,126.2,170.7,threshold/judgment difference (<0.30 gap)
LUMAXTECH,AUTO,REDUCE,-0.2188641886424065,LOW CONF,405.9,1018.4,threshold/judgment difference (<0.30 gap)
FDC,IT_SERVICES,REDUCE,-0.22375551058854284,AVOID,191.2,258.7,threshold/judgment difference (<0.30 gap)
VMM,CONSUMER,REDUCE,-0.23005997510124113,AVOID,19.5,26.4,engine-rich: exit-multiple/sector-P-E leg inflation (VAL-01 family)
LATENTVIEW,IT_SERVICES,REDUCE,-0.23267100639763807,AVOID,105.8,143.2,engine-rich: exit-multiple/sector-P-E leg inflation (VAL-01 family)
SKYGOLD,MANUFACTURING,REDUCE,-0.23365669886950627,LOW CONF,119.9,249.0,engine-rich: exit-multiple/sector-P-E leg inflation (VAL-01 family)
ENTERO,IT_SERVICES,REDUCE,-0.24071624525995827,AVOID,233.0,345.6,engine-rich: thin-margin name on rich sector multiples (VAL-01/AWL-class)
CIEINDIA,AUTO,REDUCE,-0.2411433271650268,AVOID,186.5,323.4,threshold/judgment difference (<0.30 gap)
HINDZINC,METAL,REDUCE,-0.24266478920095028,AVOID,196.6,358.6,threshold/judgment difference (<0.30 gap)
TATAELXSI,IT_SERVICES,REDUCE,-0.24764024850858093,LOW CONF,1139.4,2366.4,threshold/judgment difference (<0.30 gap)
BATAINDIA,CONSUMER_DISC,REDUCE,-0.24935293957064744,AVOID,121.6,179.6,engine-rich: exit-multiple/sector-P-E leg inflation (VAL-01 family)
HUDCO,NBFC,REDUCE,-0.2526688148752996,BUY,259.9,360.5,engine-bearish: terminal-ROE cap forbids premium book multiples (VAL-02-fin)
ARVINDFASN,CONSUMER_DISC,REDUCE,-0.2527053131229254,LOW CONF,102.0,211.8,engine-rich: thin-margin name on rich sector multiples (VAL-01/AWL-class)
HINDUNILVR,CONSUMER,REDUCE,-0.25641702878556966,LOW CONF,762.9,1580.3,threshold/judgment difference (<0.30 gap)
INDHOTEL,CONSUMER,REDUCE,-0.2588890982790591,LOW CONF,199.5,414.4,engine-rich: exit-multiple/sector-P-E leg inflation (VAL-01 family)
VBL,CONSUMER,REDUCE,-0.27033981722427575,LOW CONF,120.4,250.0,engine-rich: exit-multiple/sector-P-E leg inflation (VAL-01 family)
THANGAMAYL,CONSUMER_DISC,REDUCE,-0.2869361205560856,LOW CONF,1094.9,2274.0,engine-rich: thin-margin name on rich sector multiples (VAL-01/AWL-class)
UTLSOLAR,MANUFACTURING,REDUCE,-0.28751921105657574,LOW CONF,68.0,141.3,engine-rich: exit-multiple/sector-P-E leg inflation (VAL-01 family)
VAIBHAVGBL,CONSUMER_DISC,REDUCE,-0.30839304559645203,LOW CONF,255.7,531.2,engine-bearish: compounder growth/CAP caps (VAL-02)
CARYSIL,MANUFACTURING,REDUCE,-0.31157715990718804,LOW CONF,402.3,835.6,threshold/judgment difference (<0.30 gap)
AVL,CONSUMER_DISC,REDUCE,-0.3118924927859808,LOW CONF,134.1,278.6,engine-rich: exit-multiple/sector-P-E leg inflation (VAL-01 family)
PERSISTENT,IT_SERVICES,REDUCE,-0.312120830070549,LOW CONF,1530.6,3179.0,threshold/judgment difference (<0.30 gap)
METROBRAND,CONSUMER_DISC,REDUCE,-0.32170037105935484,LOW CONF,181.2,376.3,engine-rich: thin-margin name on rich sector multiples (VAL-01/AWL-class)
AJANTPHARM,PHARMA,REDUCE,-0.32400143873828363,LOW CONF,1317.6,2736.5,threshold/judgment difference (<0.30 gap)
RAINBOW,PHARMA,REDUCE,-0.3273676519129057,LOW CONF,320.4,665.4,engine-rich: exit-multiple/sector-P-E leg inflation (VAL-01 family)
HYUNDAI,AUTO,REDUCE,-0.3383222456312552,LOW CONF,670.5,1682.2,threshold/judgment difference (<0.30 gap)
EMCURE,PHARMA,REDUCE,-0.34679098410961756,LOW CONF,624.0,1296.1,threshold/judgment difference (<0.30 gap)
SUPRIYA,IT_SERVICES,REDUCE,-0.34687599589732127,LOW CONF,256.2,532.0,threshold/judgment difference (<0.30 gap)
ASKAUTOLTD,AUTO,REDUCE,-0.3567155373109824,LOW CONF,159.8,400.8,threshold/judgment difference (<0.30 gap)
HAVELLS,CONSUMER_DISC,REDUCE,-0.36070730512972876,LOW CONF,279.0,579.4,threshold/judgment difference (<0.30 gap)
TVSMOTOR,AUTO,REDUCE,-0.37464090114194487,LOW CONF,467.2,1172.0,engine-rich: exit-multiple/sector-P-E leg inflation (VAL-01 family)
ELGIEQUIP,CAPITAL_GOODS,REDUCE,-0.3761527807286723,LOW CONF,185.8,385.9,threshold/judgment difference (<0.30 gap)
APARINDS,CAPITAL_GOODS,REDUCE,-0.37679126269729574,LOW CONF,3158.1,6559.1,threshold/judgment difference (<0.30 gap)
MSUMI,AUTO,REDUCE,-0.38412139423620373,LOW CONF,9.0,22.6,threshold/judgment difference (<0.30 gap)
RPGLIFE,IT_SERVICES,REDUCE,-0.3863443427045426,LOW CONF,733.5,1523.4,threshold/judgment difference (<0.30 gap)
TARIL,CAPITAL_GOODS,REDUCE,-0.39665447527591535,LOW CONF,117.1,243.2,threshold/judgment difference (<0.30 gap)
ABBOTINDIA,PHARMA,REDUCE,-0.4028671025110252,REDUCE,16128.9,33498.5,threshold/judgment difference (<0.30 gap)
HBLENGINE,CAPITAL_GOODS,REDUCE,-0.41238624466309487,REDUCE,399.1,828.9,threshold/judgment difference (<0.30 gap)
BERGEPAINT,CONSUMER_DISC,REDUCE,-0.41650097350843135,LOW CONF,157.0,326.0,threshold/judgment difference (<0.30 gap)
DOMS,CONSUMER,REDUCE,-0.424174905026439,LOW CONF,564.4,1172.2,threshold/judgment difference (<0.30 gap)
GODREJIND,MANUFACTURING,REDUCE,-0.42836527422392456,LOW CONF,264.6,549.6,threshold/judgment difference (<0.30 gap)
JSL,METAL,REDUCE,-0.4295363007129837,AVOID,168.2,308.2,threshold/judgment difference (<0.30 gap)
CAMPUS,CONSUMER_DISC,REDUCE,-0.4299339504743759,LOW CONF,37.5,77.8,engine-rich: exit-multiple/sector-P-E leg inflation (VAL-01 family)
SIEMENS,CAPITAL_GOODS,REDUCE,-0.4334184667707863,LOW CONF,626.1,1231.8,engine-rich: thin-margin name on rich sector multiples (VAL-01/AWL-class)
UNITDSPR,CONSUMER,REDUCE,-0.4397390421116233,LOW CONF,284.9,591.7,threshold/judgment difference (<0.30 gap)
JSWSTEEL,METAL,REDUCE,-0.44378710616297884,AVOID,121.1,193.5,engine-rich: thin-margin name on rich sector multiples (VAL-01/AWL-class)
RRKABEL,CAPITAL_GOODS,REDUCE,-0.4468634174858738,LOW CONF,575.3,1194.9,threshold/judgment difference (<0.30 gap)
SJVN,UTILITIES,AVOID,-0.25038845022423667,AVOID,13.9,18.9,engine-rich: exit-multiple/sector-P-E leg inflation (VAL-01 family)
MARUTI,AUTO,AVOID,-0.2518465278836944,AVOID,4383.1,7590.6,engine-rich: thin-margin name on rich sector multiples (VAL-01/AWL-class)
INTERARCH,CONSTRUCTION,AVOID,-0.2541256978874711,AVOID,701.6,1120.7,threshold/judgment difference (<0.30 gap)
GRANULES,PHARMA,AVOID,-0.2542788365537986,AVOID,340.2,460.2,threshold/judgment difference (<0.30 gap)
INNOVACAP,IT_SERVICES,AVOID,-0.26258177238029995,AVOID,307.3,415.8,engine-rich: exit-multiple/sector-P-E leg inflation (VAL-01 family)
PARKHOSPS,PHARMA,AVOID,-0.2642333467159327,AVOID,97.4,184.6,threshold/judgment difference (<0.30 gap)
VISHNU,CHEMICALS,AVOID,-0.2741997896119559,AVOID,182.2,291.0,engine-rich: exit-multiple/sector-P-E leg inflation (VAL-01 family)
ORIENTELEC,CONSUMER_DISC,AVOID,-0.2829345401519268,AVOID,51.1,69.1,engine-rich: thin-margin name on rich sector multiples (VAL-01/AWL-class)
INTELLECT,IT_SERVICES,AVOID,-0.2854940518594104,AVOID,259.8,351.6,engine-rich: exit-multiple/sector-P-E leg inflation (VAL-01 family)
VSTTILLERS,CAPITAL_GOODS,AVOID,-0.28700574624505126,AVOID,523.9,770.4,engine-rich: exit-multiple/sector-P-E leg inflation (VAL-01 family)
WONDERLA,MANUFACTURING,AVOID,-0.2887833531702106,AVOID,107.3,145.2,engine-rich: exit-multiple/sector-P-E leg inflation (VAL-01 family)
IRCON,CONSTRUCTION,AVOID,-0.2915129100521707,AVOID,36.3,68.3,engine-rich: exit-multiple/sector-P-E leg inflation (VAL-01 family)
VESUVIUS,MANUFACTURING,AVOID,-0.2933019006779768,LOW CONF,138.9,288.4,threshold/judgment difference (<0.30 gap)
KIRLOSIND,REALTY,AVOID,-0.2962671256640487,AVOID,907.5,1449.6,engine-rich: exit-multiple/sector-P-E leg inflation (VAL-01 family)
JKCEMENT,CEMENT,AVOID,-0.29731023916299765,AVOID,1164.3,1859.8,engine-rich: exit-multiple/sector-P-E leg inflation (VAL-01 family)
ABCAPITAL,NBFC,AVOID,-0.2997456971215863,AVOID,120.7,188.4,engine-rich: thin-margin name on rich sector multiples (VAL-01/AWL-class)
SUNPHARMA,PHARMA,AVOID,-0.2997781696844635,LOW CONF,540.3,1122.2,threshold/judgment difference (<0.30 gap)
INDIAGLYCO,CHEMICALS,AVOID,-0.3029285317583347,AVOID,333.0,637.0,threshold/judgment difference (<0.30 gap)
VMART,CONSUMER_DISC,AVOID,-0.3048770403262092,LOW CONF,86.4,179.5,engine-rich: thin-margin name on rich sector multiples (VAL-01/AWL-class)
MANKIND,PHARMA,AVOID,-0.3062296888224502,AVOID,656.7,888.5,engine-rich: exit-multiple/sector-P-E leg inflation (VAL-01 family)
ARTEMISMED,PHARMA,AVOID,-0.30691835192333045,AVOID,86.3,116.8,engine-rich: exit-multiple/sector-P-E leg inflation (VAL-01 family)
MOTHERSON,AUTO,AVOID,-0.3144308868972856,AVOID,27.3,56.1,engine-rich: thin-margin name on rich sector multiples (VAL-01/AWL-class)
SSWL,METAL,AVOID,-0.3174118863211098,AVOID,65.8,105.1,engine-rich: thin-margin name on rich sector multiples (VAL-01/AWL-class)
BLUEDART,MANUFACTURING,AVOID,-0.3192705750790395,LOW CONF,1248.5,2593.1,threshold/judgment difference (<0.30 gap)
SURYAROSNI,METAL,AVOID,-0.31962506049986866,AVOID,73.6,117.6,threshold/judgment difference (<0.30 gap)
MINDSPACE,MANUFACTURING,AVOID,-0.3217505496424585,LOW CONF,,,uncomparable
INOXWIND,CAPITAL_GOODS,AVOID,-0.3268053068987176,AVOID,16.6,22.4,engine-rich: exit-multiple/sector-P-E leg inflation (VAL-01 family)
LODHA,REALTY,AVOID,-0.3270879359289877,AVOID,273.3,436.5,engine-rich: thin-margin name on rich sector multiples (VAL-01/AWL-class)
ETHOSLTD,CONSUMER_DISC,AVOID,-0.3279865268562562,AVOID,302.5,409.2,engine-rich: thin-margin name on rich sector multiples (VAL-01/AWL-class)
PIIND,CHEMICALS,AVOID,-0.3309889131163607,AVOID,763.5,1219.6,threshold/judgment difference (<0.30 gap)
GODREJCP,CONSUMER,AVOID,-0.33234634577429206,AVOID,230.1,311.3,engine-rich: exit-multiple/sector-P-E leg inflation (VAL-01 family)
ATUL,CHEMICALS,AVOID,-0.3404388348788147,AVOID,1869.0,3262.1,threshold/judgment difference (<0.30 gap)
YATHARTH,PHARMA,AVOID,-0.34585240536490297,AVOID,211.6,286.3,engine-rich: exit-multiple/sector-P-E leg inflation (VAL-01 family)
RALLIS,CHEMICALS,AVOID,-0.34865277712026993,AVOID,62.3,124.9,threshold/judgment difference (<0.30 gap)
JUBLPHARMA,PHARMA,AVOID,-0.35456417457511175,AVOID,230.7,312.2,engine-rich: exit-multiple/sector-P-E leg inflation (VAL-01 family)
OBEROIRLTY,REALTY,AVOID,-0.3546512568067268,AVOID,511.0,816.3,threshold/judgment difference (<0.30 gap)
SUPRAJIT,AUTO,AVOID,-0.35637527661312557,AVOID,118.9,189.9,engine-rich: exit-multiple/sector-P-E leg inflation (VAL-01 family)
SYNGENE,PHARMA,AVOID,-0.35682901287351954,AVOID,69.8,101.8,engine-rich: exit-multiple/sector-P-E leg inflation (VAL-01 family)
KINGFA,CHEMICALS,AVOID,-0.3575073124751981,AVOID,1225.9,1958.2,engine-rich: exit-multiple/sector-P-E leg inflation (VAL-01 family)
SMSPHARMA,IT_SERVICES,AVOID,-0.372078594601352,AVOID,122.6,165.8,threshold/judgment difference (<0.30 gap)
CLEAN,CHEMICALS,AVOID,-0.3728881931989696,AVOID,210.1,335.6,threshold/judgment difference (<0.30 gap)
SKFINDUS,MANUFACTURING,AVOID,-0.37681781418616384,AVOID,486.5,704.4,engine-rich: exit-multiple/sector-P-E leg inflation (VAL-01 family)
JSWINFRA,MANUFACTURING,AVOID,-0.38060225415194787,LOW CONF,54.3,112.7,engine-rich: exit-multiple/sector-P-E leg inflation (VAL-01 family)
TATACONSUM,CONSUMER,AVOID,-0.38178687147432583,AVOID,175.2,278.1,engine-rich: thin-margin name on rich sector multiples (VAL-01/AWL-class)
JSWENERGY,UTILITIES,AVOID,-0.3837995698774523,AVOID,110.6,149.6,engine-rich: exit-multiple/sector-P-E leg inflation (VAL-01 family)
ROLEXRINGS,MANUFACTURING,AVOID,-0.38502042649966883,AVOID,44.7,60.4,threshold/judgment difference (<0.30 gap)
AARTIPHARM,IT_SERVICES,AVOID,-0.38518045312489835,AVOID,163.8,247.5,engine-rich: exit-multiple/sector-P-E leg inflation (VAL-01 family)
GLAND,PHARMA,AVOID,-0.3875175135098634,AVOID,740.7,1002.1,threshold/judgment difference (<0.30 gap)
KSHINTL,MANUFACTURING,AVOID,-0.3953953478385989,AVOID,173.4,234.6,engine-rich: thin-margin name on rich sector multiples (VAL-01/AWL-class)
TECHNOE,CONSTRUCTION,AVOID,-0.39691297124282127,AVOID,233.0,372.2,engine-rich: exit-multiple/sector-P-E leg inflation (VAL-01 family)
AKUMS,IT_SERVICES,AVOID,-0.40277208754631916,AVOID,136.0,209.8,engine-rich: exit-multiple/sector-P-E leg inflation (VAL-01 family)
AARTIIND,CHEMICALS,AVOID,-0.41123495213721606,AVOID,79.3,134.1,engine-rich: exit-multiple/sector-P-E leg inflation (VAL-01 family)
SUNTECK,CONSTRUCTION,AVOID,-0.41340942224689314,AVOID,88.5,141.4,threshold/judgment difference (<0.30 gap)
USHAMART,CAPITAL_GOODS,AVOID,-0.4157082816762352,AVOID,159.5,215.7,threshold/judgment difference (<0.30 gap)
MEDANTA,PHARMA,AVOID,-0.41769220792778816,LOW CONF,328.5,682.3,threshold/judgment difference (<0.30 gap)
ADANIENT,METAL,AVOID,-0.4232936694641277,AVOID,435.7,696.0,engine-rich: thin-margin name on rich sector multiples (VAL-01/AWL-class)
CRAFTSMAN,AUTO,AVOID,-0.42450655674530907,AVOID,1345.3,2270.8,engine-rich: exit-multiple/sector-P-E leg inflation (VAL-01 family)
WABAG,UTILITIES,AVOID,-0.4256973200238207,LOW CONF,577.4,1199.3,threshold/judgment difference (<0.30 gap)
MINDACORP,AUTO,AVOID,-0.4257157246307754,AVOID,110.0,208.4,engine-rich: exit-multiple/sector-P-E leg inflation (VAL-01 family)
SUBROS,CAPITAL_GOODS,AVOID,-0.43013264865964534,AVOID,232.5,314.5,threshold/judgment difference (<0.30 gap)
BIKAJI,CONSUMER,AVOID,-0.4405067903014638,LOW CONF,129.9,269.7,threshold/judgment difference (<0.30 gap)
DEEPINDS,ENERGY,AVOID,-0.4432168944660585,AVOID,124.7,206.4,threshold/judgment difference (<0.30 gap)
FCL,CHEMICALS,AVOID,-0.4453621413398092,AVOID,8.8,14.0,threshold/judgment difference (<0.30 gap)
SUNDRMFAST,MANUFACTURING,AVOID,-0.44547980223107064,LOW CONF,275.2,571.6,threshold/judgment difference (<0.30 gap)
FRACTAL,IT_SERVICES,AVOID,-0.4462253217541903,AVOID,157.4,228.5,engine-rich: exit-multiple/sector-P-E leg inflation (VAL-01 family)
INDIGOPNTS,CHEMICALS,AVOID,-0.4473343515122842,AVOID,250.2,399.7,threshold/judgment difference (<0.30 gap)
SPLPETRO,CHEMICALS,AVOID,-0.44879751103537785,AVOID,191.9,306.6,threshold/judgment difference (<0.30 gap)
GREENPLY,MANUFACTURING,AVOID,-0.45027562401730503,AVOID,55.4,75.0,engine-rich: thin-margin name on rich sector multiples (VAL-01/AWL-class)
AIAENG,CAPITAL_GOODS,AVOID,-0.4503072035801359,LOW CONF,1053.5,2188.1,threshold/judgment difference (<0.30 gap)
BASF,CHEMICALS,AVOID,-0.4507323494567467,AVOID,731.2,1363.7,threshold/judgment difference (<0.30 gap)
TEGA,CAPITAL_GOODS,AVOID,-0.4529718944718119,LOW CONF,224.2,465.7,engine-rich: exit-multiple/sector-P-E leg inflation (VAL-01 family)
TATASTEEL,METAL,AVOID,-0.45395933711246267,AVOID,24.6,41.7,engine-rich: thin-margin name on rich sector multiples (VAL-01/AWL-class)
ENDURANCE,AUTO,AVOID,-0.4565779082128535,AVOID,590.9,943.9,threshold/judgment difference (<0.30 gap)
ULTRACEMCO,CEMENT,AVOID,-0.458445492548071,AVOID,1685.1,2691.8,engine-rich: exit-multiple/sector-P-E leg inflation (VAL-01 family)
KAJARIACER,CONSUMER_DISC,AVOID,-0.4593977395952365,LOW CONF,359.2,746.1,threshold/judgment difference (<0.30 gap)
KIRLOSBROS,CAPITAL_GOODS,AVOID,-0.46216412871332574,AVOID,482.4,652.6,threshold/judgment difference (<0.30 gap)
CONCOR,MANUFACTURING,AVOID,-0.4642559158437171,AVOID,126.1,170.6,threshold/judgment difference (<0.30 gap)
DEEPAKNTR,CHEMICALS,AVOID,-0.47110013270856704,AVOID,274.6,543.9,threshold/judgment difference (<0.30 gap)
CENTURYPLY,MANUFACTURING,AVOID,-0.47297097608080807,AVOID,64.1,90.3,engine-rich: exit-multiple/sector-P-E leg inflation (VAL-01 family)
DMART,CONSUMER,AVOID,-0.47356471541533746,LOW CONF,787.7,1636.0,threshold/judgment difference (<0.30 gap)
AFCONS,CONSTRUCTION,AVOID,-0.4736234288227072,AVOID,45.8,76.3,engine-rich: thin-margin name on rich sector multiples (VAL-01/AWL-class)
BLUESTARCO,CONSUMER_DISC,AVOID,-0.47511527931997843,LOW CONF,300.4,623.9,threshold/judgment difference (<0.30 gap)
GOPAL,CONSUMER,AVOID,-0.4778548797121831,LOW CONF,73.2,152.0,threshold/judgment difference (<0.30 gap)
KEI,CAPITAL_GOODS,AVOID,-0.48320024218545216,AVOID,913.9,1236.4,threshold/judgment difference (<0.30 gap)
GRASIM,CEMENT,AVOID,-0.48630283002962693,AVOID,547.1,874.0,threshold/judgment difference (<0.30 gap)
SFL,MANUFACTURING,AVOID,-0.49159216744556644,AVOID,106.2,143.6,engine-rich: thin-margin name on rich sector multiples (VAL-01/AWL-class)
ICICIGI,INSURANCE,AVOID,-0.49283659366424254,AVOID,835.6,1508.1,threshold/judgment difference (<0.30 gap)
POLYMED,PHARMA,AVOID,-0.4961496038171503,LOW CONF,352.3,731.7,threshold/judgment difference (<0.30 gap)
SENORES,IT_SERVICES,AVOID,-0.5022967330069728,AVOID,331.7,448.7,threshold/judgment difference (<0.30 gap)
DALBHARAT,CEMENT,AVOID,-0.5027139542286991,AVOID,286.5,457.7,threshold/judgment difference (<0.30 gap)
GUFICBIO,IT_SERVICES,AVOID,-0.5041832847264441,AVOID,62.9,87.3,engine-rich: exit-multiple/sector-P-E leg inflation (VAL-01 family)
GREENLAM,MANUFACTURING,AVOID,-0.505909765524652,AVOID,16.6,22.4,engine-rich: thin-margin name on rich sector multiples (VAL-01/AWL-class)
PRINCEPIPE,MANUFACTURING,AVOID,-0.5066737487075894,AVOID,48.9,71.2,threshold/judgment difference (<0.30 gap)
KIMS,PHARMA,AVOID,-0.5083536095130272,AVOID,77.3,104.6,engine-rich: exit-multiple/sector-P-E leg inflation (VAL-01 family)
ANURAS,CHEMICALS,AVOID,-0.5146616783997144,AVOID,107.5,171.7,engine-rich: exit-multiple/sector-P-E leg inflation (VAL-01 family)
ACI,CHEMICALS,AVOID,-0.5216342164479008,AVOID,63.5,101.5,engine-rich: exit-multiple/sector-P-E leg inflation (VAL-01 family)
TVSSRICHAK,AUTO,AVOID,-0.5259984450482681,AVOID,660.2,1054.6,threshold/judgment difference (<0.30 gap)
IFBIND,CONSUMER_DISC,AVOID,-0.5279843042462833,LOW CONF,310.7,645.3,threshold/judgment difference (<0.30 gap)
ADANIENSOL,UTILITIES,AVOID,-0.530053651042452,AVOID,173.2,234.3,engine-rich: thin-margin name on rich sector multiples (VAL-01/AWL-class)
NEPHROPLUS,PHARMA,AVOID,-0.5330101490410964,AVOID,72.4,108.3,engine-rich: exit-multiple/sector-P-E leg inflation (VAL-01 family)
PRESTIGE,REALTY,AVOID,-0.5353443482026831,AVOID,175.2,279.9,engine-rich: thin-margin name on rich sector multiples (VAL-01/AWL-class)
BELRISE,AUTO,AVOID,-0.5467045154133293,AVOID,32.1,64.0,threshold/judgment difference (<0.30 gap)
SETL,CAPITAL_GOODS,AVOID,-0.5548874557245672,AVOID,30.2,40.8,engine-rich: exit-multiple/sector-P-E leg inflation (VAL-01 family)
HONAUT,CAPITAL_GOODS,AVOID,-0.5558265527697362,AVOID,6308.5,10319.2,threshold/judgment difference (<0.30 gap)
JTEKTINDIA,AUTO,AVOID,-0.5638385375543878,AVOID,20.0,31.9,threshold/judgment difference (<0.30 gap)
TTKPRESTIG,MANUFACTURING,AVOID,-0.5672298437394548,AVOID,78.5,108.4,threshold/judgment difference (<0.30 gap)
SHREECEM,CEMENT,AVOID,-0.5679538894742956,AVOID,2575.8,4114.7,engine-rich: exit-multiple/sector-P-E leg inflation (VAL-01 family)
ANANTRAJ,REALTY,AVOID,-0.5690230214796009,AVOID,91.4,152.0,threshold/judgment difference (<0.30 gap)
NAUKRI,CONSUMER,AVOID,-0.5705151296240935,LOW CONF,,,uncomparable
MAXHEALTH,PHARMA,AVOID,-0.5712569614314965,LOW CONF,143.0,297.0,threshold/judgment difference (<0.30 gap)
ASTRAL,CAPITAL_GOODS,AVOID,-0.5713914057843247,LOW CONF,267.3,555.1,threshold/judgment difference (<0.30 gap)
UCOBANK,BANK,AVOID,-0.5717275858165086,AVOID,15.8,21.4,threshold/judgment difference (<0.30 gap)
COCHINSHIP,CAPITAL_GOODS,AVOID,-0.572567760697393,AVOID,229.7,310.7,threshold/judgment difference (<0.30 gap)
BOROLTD,MANUFACTURING,AVOID,-0.5734993544567751,AVOID,42.9,59.3,threshold/judgment difference (<0.30 gap)
TVSSCS,MANUFACTURING,AVOID,-0.5822096512192232,AVOID,18.0,24.3,threshold/judgment difference (<0.30 gap)
STAR,CAPITAL_GOODS,AVOID,-0.5881407926246006,LOW CONF,216.5,449.6,threshold/judgment difference (<0.30 gap)
FOSECOIND,CHEMICALS,AVOID,-0.5893523538563533,AVOID,645.6,1131.5,threshold/judgment difference (<0.30 gap)
UNIMECH,DEFENCE,AVOID,-0.5897245423822697,AVOID,96.9,134.6,engine-rich: exit-multiple/sector-P-E leg inflation (VAL-01 family)
FORTIS,PHARMA,AVOID,-0.5953409546093482,LOW CONF,123.5,256.4,threshold/judgment difference (<0.30 gap)
VARROC,AUTO,AVOID,-0.6088255924340243,AVOID,54.6,112.9,threshold/judgment difference (<0.30 gap)
MHRIL,MANUFACTURING,AVOID,-0.6113987300979109,AVOID,21.9,34.4,threshold/judgment difference (<0.30 gap)
KRT,MANUFACTURING,AVOID,-0.6142278610324028,AVOID,4.9,8.4,engine-rich: exit-multiple/sector-P-E leg inflation (VAL-01 family)
ASAHIINDIA,AUTO,AVOID,-0.6149771939389224,AVOID,80.9,188.6,threshold/judgment difference (<0.30 gap)
DLF,REALTY,AVOID,-0.6179408675762976,AVOID,87.6,139.9,threshold/judgment difference (<0.30 gap)
AMBER,CONSUMER_DISC,AVOID,-0.6297626530197976,AVOID,479.7,649.0,threshold/judgment difference (<0.30 gap)
STARHEALTH,INSURANCE,AVOID,-0.6428649963981496,AVOID,40.5,67.4,threshold/judgment difference (<0.30 gap)
SGMART,UTILITIES,AVOID,-0.6434592486665858,AVOID,66.0,89.3,threshold/judgment difference (<0.30 gap)
WELSPUNLIV,TEXTILES,AVOID,-0.6459166241114243,AVOID,14.2,25.1,threshold/judgment difference (<0.30 gap)
CARBORUNIV,CAPITAL_GOODS,AVOID,-0.6475658776824285,AVOID,106.8,144.5,threshold/judgment difference (<0.30 gap)
PGEL,CONSUMER_DISC,AVOID,-0.6492741876778698,LOW CONF,101.3,210.4,threshold/judgment difference (<0.30 gap)
EMBASSY,REALTY,AVOID,-0.6601682896117645,BUY,333.6,837.0,engine-bearish: trough extrapolation + AVOID asymmetry (VAL-10)
SHADOWFAX,LOGISTICS,AVOID,-0.6985211690229138,AVOID,13.6,18.4,threshold/judgment difference (<0.30 gap)
TIINDIA,AUTO,AVOID,-0.7112564485457358,LOW CONF,206.7,518.6,threshold/judgment difference (<0.30 gap)
SAILIFE,PHARMA,AVOID,-0.7261254439030111,LOW CONF,243.0,504.8,threshold/judgment difference (<0.30 gap)
ANUP,CHEMICALS,AVOID,-0.7261422427523211,AVOID,107.5,171.7,threshold/judgment difference (<0.30 gap)
ABDL,CONSUMER,AVOID,-0.7264299384431815,LOW CONF,157.5,327.1,threshold/judgment difference (<0.30 gap)
DIVISLAB,PHARMA,AVOID,-0.7340558323319037,LOW CONF,1744.5,3623.3,threshold/judgment difference (<0.30 gap)
PSB,BANK,AVOID,-0.7448785953639587,AVOID,14.2,19.2,engine-bearish: terminal-ROE cap forbids premium book multiples (VAL-02-fin)
TATAPOWER,UTILITIES,AVOID,-0.7638810694548065,AVOID,152.3,316.4,engine-bearish: level bias (VAL-02 family)
AVALON,MANUFACTURING,AVOID,-0.778265606745553,LOW CONF,179.5,353.9,threshold/judgment difference (<0.30 gap)
DYNAMATECH,CAPITAL_GOODS,AVOID,-0.8225377988425767,LOW CONF,254.0,507.2,threshold/judgment difference (<0.30 gap)
ZAGGLE,NBFC,AVOID,-0.8438833531516815,AVOID,75.4,102.0,threshold/judgment difference (<0.30 gap)
VOLTAS,CONSUMER_DISC,AVOID,-0.8439277649564274,LOW CONF,157.9,315.5,threshold/judgment difference (<0.30 gap)
BHEL,CAPITAL_GOODS,AVOID,-0.8487380885015354,LOW CONF,,,uncomparable
GODREJPROP,REALTY,AVOID,-0.8680264682857479,LOW CONF,113.3,284.4,threshold/judgment difference (<0.30 gap)
ITI,TELECOM,AVOID,-0.8958248456856958,LOW CONF,33.1,68.7,threshold/judgment difference (<0.30 gap)
GRWRHITECH,MANUFACTURING,AVOID,-0.9050723734124484,LOW CONF,592.5,1230.5,threshold/judgment difference (<0.30 gap)
NYKAA,CONSUMER,AVOID,-0.906911162792176,LOW CONF,13.7,28.4,threshold/judgment difference (<0.30 gap)
CERA,MANUFACTURING,AVOID,-0.9077176869099337,REDUCE,632.9,1314.6,engine-bearish: level bias (VAL-02 family)
IBULLSLTD,MANUFACTURING,AVOID,-0.9166248825960897,LOW CONF,10.7,22.1,engine-bearish: level bias (VAL-02 family)
MAHLIFE,CONSTRUCTION,AVOID,-0.9541010832761115,AVOID,86.1,151.6,threshold/judgment difference (<0.30 gap)
ELLEN,CHEMICALS,AVOID,-0.966002411488631,AVOID,58.7,107.4,threshold/judgment difference (<0.30 gap)
PTC,METAL,AVOID,-0.9726696376928364,BUY,398.0,635.7,engine-bearish: trough extrapolation + AVOID asymmetry (VAL-10)
RELIANCE,ENERGY,HOLD,0.2084522084109599,HOLD,1050,1450,"independent 2026-07-28: BOUNDED CONSOLIDATED (not a SOTP - no segment data in source). EV/EBITDA 9-14x on FY26 EBITDA 180283 - bounds set by Jio/Retail share of mix vs O2C - intersected with 18-24x on PAT 95610; net debt 120788. Band deliberately wide (+/-16%) because consolidated multiples cannot resolve the Jio/Retail premium. A segment SOTP from the FY26 annual report should supersede this row. NOTE: RELIANCE is absent from calibration_inputs fixture, so this target is not yet scoreable by the harness."
BHARTIARTL,TELECOM,HOLD,-0.02672098976226189,HOLD,1450,1900,"independent 2026-07-28: EV/EBITDA 10-14x on FY26 EBITDA 116386 (premium to global telco 6-8x for 3-player consolidation + ARPU runway + Africa; discounted for spectrum capex) -> 1311-1921; intersected with FCF yield 4.5-6% on OCF 122230 less NORMALISED capex 55000 (FY26 47569 was a trough vs FY25 61029) -> 1470-1960. Net debt 164690, shares 762.29cr. P/E deliberately NOT used as a leg: PAT swung 8558-37481-33823 over FY24-26 and is not a stable telecom anchor. Price 1905.3 sits fractionally above the band top - essentially fair value."
INFY,IT_SERVICES,BUY,0.4362902961031592,ACCUMULATE,1263,1572,"independent 2026-07-28: P/E 16-24x on FY26 PAT 29474 (mature IT, 20.3% EBIT margin stable across FY24-26, 30%+ ROE, asset-light, high payout; low end reflects decelerating growth +6.1%/+9.6%) -> 1143-1572; intersected with FCF yield 4.5-6% on OCF 33986 less capex 2727 = 31259 -> 1263-1684. Net CASH 25990 (not added to the P/E leg - PAT already earns on it). Price 1080.2 sits BELOW the band. EBITDA absent from the vendor payload so EV/EBITDA was not usable; EBIT is the right asset-light metric anyway. NOTE price 1080.2 is low vs Infosys's recent trading range - worth a second look if the quote is stale."
TITAN,CONSUMER,LOW CONF,-0.6522625242152008,AVOID,2290,2960,"independent 2026-07-28: P/E 40-60x on FY26 PAT 5073 (32.3% ROE consumer franchise deserves a premium, but the 85x it trades at is peak sentiment not intrinsic) -> 2287-3430; intersected with EV/EBITDA 25-35x on FY26 EBITDA 8277 less net debt 26910 (jewellery is working-capital heavy and gold-price exposed, so a discount to asset-light consumer) -> 2028-2961. Revenue +44.9% FY25->FY26 on a stable 9.5% EBITDA margin. Price 4849.7 is 64% above the band top."
ICICIBANK,BANK,HOLD,0.06372809161381719,HOLD,1050,1400,"independent 2026-07-28: bank, so book-based. P/B 2.0-2.8x on FY26 net worth 363060 (typical band for a ~15% ROE Indian private bank) -> 1002-1403; intersected with P/E 14-20x on PAT 54207.7 -> 1047-1496. ROE 14.9%, currently 2.88x book / 19.3x earnings. No revenue/EBITDA line items (banks report NII), so no EV-based leg. Price 1445.3 sits 3% above the band top - marginally expensive, within noise of fair."
BHARATFORG,AUTO,AVOID,-0.8088372023346375,AVOID,720,950,"independent 2026-07-30 (multi-agent, financials only): band is the INTERSECTION of two passes that never saw the engine's answer - an independent valuation from >=2 relative methods, and an adversarial re-derivation that re-pulled the statements and checked the arithmetic. Kept only where the two passes OVERLAP and the overlap is >=10% of midpoint; pass1 720-950, pass2 720-950. UBL dropped (passes did not overlap), SYMPHONY dropped (3.8% overlap = false precision)."
CGPOWER,CAPITAL_GOODS,AVOID,-0.8508107670005307,AVOID,335,470,"independent 2026-07-30 (multi-agent, financials only): band is the INTERSECTION of two passes that never saw the engine's answer - an independent valuation from >=2 relative methods, and an adversarial re-derivation that re-pulled the statements and checked the arithmetic. Kept only where the two passes OVERLAP and the overlap is >=10% of midpoint; pass1 335-470, pass2 335-470. UBL dropped (passes did not overlap), SYMPHONY dropped (3.8% overlap = false precision)."
DATAPATTNS,CAPITAL_GOODS,AVOID,-0.8840186159704946,AVOID,2330,2600,"independent 2026-07-30 (multi-agent, financials only): band is the INTERSECTION of two passes that never saw the engine's answer - an independent valuation from >=2 relative methods, and an adversarial re-derivation that re-pulled the statements and checked the arithmetic. Kept only where the two passes OVERLAP and the overlap is >=10% of midpoint; pass1 2330-2600, pass2 2330-2600. UBL dropped (passes did not overlap), SYMPHONY dropped (3.8% overlap = false precision)."
GRAVITA,METAL,AVOID,-0.8565492720560226,AVOID,950,1050,"independent 2026-07-30 (multi-agent, financials only): band is the INTERSECTION of two passes that never saw the engine's answer - an independent valuation from >=2 relative methods, and an adversarial re-derivation that re-pulled the statements and checked the arithmetic. Kept only where the two passes OVERLAP and the overlap is >=10% of midpoint; pass1 950-1050, pass2 950-1050. UBL dropped (passes did not overlap), SYMPHONY dropped (3.8% overlap = false precision)."
HEG,CAPITAL_GOODS,AVOID,-0.8812903748483254,AVOID,250,300,"independent 2026-07-30 (multi-agent, financials only): band is the INTERSECTION of two passes that never saw the engine's answer - an independent valuation from >=2 relative methods, and an adversarial re-derivation that re-pulled the statements and checked the arithmetic. Kept only where the two passes OVERLAP and the overlap is >=10% of midpoint; pass1 250-300, pass2 250-300. UBL dropped (passes did not overlap), SYMPHONY dropped (3.8% overlap = false precision)."
KAYNES,CAPITAL_GOODS,AVOID,-0.8796255766653143,AVOID,2150,2700,"independent 2026-07-30 (multi-agent, financials only): band is the INTERSECTION of two passes that never saw the engine's answer - an independent valuation from >=2 relative methods, and an adversarial re-derivation that re-pulled the statements and checked the arithmetic. Kept only where the two passes OVERLAP and the overlap is >=10% of midpoint; pass1 2150-2700, pass2 2150-2700. UBL dropped (passes did not overlap), SYMPHONY dropped (3.8% overlap = false precision)."
NEOGEN,CHEMICALS,AVOID,-0.8790609377585388,AVOID,500,850,"independent 2026-07-30 (multi-agent, financials only): band is the INTERSECTION of two passes that never saw the engine's answer - an independent valuation from >=2 relative methods, and an adversarial re-derivation that re-pulled the statements and checked the arithmetic. Kept only where the two passes OVERLAP and the overlap is >=10% of midpoint; pass1 500-850, pass2 500-850. UBL dropped (passes did not overlap), SYMPHONY dropped (3.8% overlap = false precision)."
OLECTRA,AUTO,AVOID,-0.8714066574299061,AVOID,680,870,"independent 2026-07-30 (multi-agent, financials only): band is the INTERSECTION of two passes that never saw the engine's answer - an independent valuation from >=2 relative methods, and an adversarial re-derivation that re-pulled the statements and checked the arithmetic. Kept only where the two passes OVERLAP and the overlap is >=10% of midpoint; pass1 680-870, pass2 680-870. UBL dropped (passes did not overlap), SYMPHONY dropped (3.8% overlap = false precision)."
SANSERA,AUTO,AVOID,-0.8820201009658405,AVOID,1150,1500,"independent 2026-07-30 (multi-agent, financials only): band is the INTERSECTION of two passes that never saw the engine's answer - an independent valuation from >=2 relative methods, and an adversarial re-derivation that re-pulled the statements and checked the arithmetic. Kept only where the two passes OVERLAP and the overlap is >=10% of midpoint; pass1 1150-1500, pass2 1150-1500. UBL dropped (passes did not overlap), SYMPHONY dropped (3.8% overlap = false precision)."
SYRMA,CAPITAL_GOODS,AVOID,-0.888026291318425,AVOID,620,790,"independent 2026-07-30 (multi-agent, financials only): band is the INTERSECTION of two passes that never saw the engine's answer - an independent valuation from >=2 relative methods, and an adversarial re-derivation that re-pulled the statements and checked the arithmetic. Kept only where the two passes OVERLAP and the overlap is >=10% of midpoint; pass1 620-790, pass2 620-790. UBL dropped (passes did not overlap), SYMPHONY dropped (3.8% overlap = false precision)."
BRITANNIA,CONSUMER,REDUCE,-0.40612353771085885,AVOID,3250,3900,"independent 2026-07-31, REVISED 2026-07-31 after a reproducibility test. Two independent valuation legs (an earnings multiple against a cash-flow or balance-sheet anchor, never P/E x EV/EBITDA off the same year, which are mechanically linked) plus TWO adversarial audit passes that re-pulled the statements. None of the three passes saw the engine's answer. Re-running the audit showed its categorical flags are NOT reproducible (sound/independent flipped on 9 of 19 names), though its band midpoints are (median drift 3.6%). Admission therefore uses UNION OF CONCERNS - dropped if ANY audit run flagged non-independence - and the band is the envelope of all audit runs intersected with pass 1. That rule is monotone: it can only remove rows, never admit one on a favourable re-roll. band 3250-3900."
HINDALCO,METAL,AVOID,-0.4869653055552374,AVOID,620,790,"independent 2026-07-31, REVISED 2026-07-31 after a reproducibility test. Two independent valuation legs (an earnings multiple against a cash-flow or balance-sheet anchor, never P/E x EV/EBITDA off the same year, which are mechanically linked) plus TWO adversarial audit passes that re-pulled the statements. None of the three passes saw the engine's answer. Re-running the audit showed its categorical flags are NOT reproducible (sound/independent flipped on 9 of 19 names), though its band midpoints are (median drift 3.6%). Admission therefore uses UNION OF CONCERNS - dropped if ANY audit run flagged non-independence - and the band is the envelope of all audit runs intersected with pass 1. That rule is monotone: it can only remove rows, never admit one on a favourable re-roll. band 620-790."
KOTAKBANK,BANK,AVOID,-0.38077009754709557,REDUCE,330,385,"independent 2026-07-31, REVISED 2026-07-31 after a reproducibility test. Two independent valuation legs (an earnings multiple against a cash-flow or balance-sheet anchor, never P/E x EV/EBITDA off the same year, which are mechanically linked) plus TWO adversarial audit passes that re-pulled the statements. None of the three passes saw the engine's answer. Re-running the audit showed its categorical flags are NOT reproducible (sound/independent flipped on 9 of 19 names), though its band midpoints are (median drift 3.6%). Admission therefore uses UNION OF CONCERNS - dropped if ANY audit run flagged non-independence - and the band is the envelope of all audit runs intersected with pass 1. That rule is monotone: it can only remove rows, never admit one on a favourable re-roll. band 330-385."
LUPIN,PHARMA,BUY,0.17497150766668731,HOLD,2050,2600,"independent 2026-07-31, REVISED 2026-07-31 after a reproducibility test. Two independent valuation legs (an earnings multiple against a cash-flow or balance-sheet anchor, never P/E x EV/EBITDA off the same year, which are mechanically linked) plus TWO adversarial audit passes that re-pulled the statements. None of the three passes saw the engine's answer. Re-running the audit showed its categorical flags are NOT reproducible (sound/independent flipped on 9 of 19 names), though its band midpoints are (median drift 3.6%). Admission therefore uses UNION OF CONCERNS - dropped if ANY audit run flagged non-independence - and the band is the envelope of all audit runs intersected with pass 1. That rule is monotone: it can only remove rows, never admit one on a favourable re-roll. band 2050-2600."
NESTLEIND,CONSUMER,LOW CONF,-0.6271458214457564,AVOID,850,1200,"independent 2026-07-31, REVISED 2026-07-31 after a reproducibility test. Two independent valuation legs (an earnings multiple against a cash-flow or balance-sheet anchor, never P/E x EV/EBITDA off the same year, which are mechanically linked) plus TWO adversarial audit passes that re-pulled the statements. None of the three passes saw the engine's answer. Re-running the audit showed its categorical flags are NOT reproducible (sound/independent flipped on 9 of 19 names), though its band midpoints are (median drift 3.6%). Admission therefore uses UNION OF CONCERNS - dropped if ANY audit run flagged non-independence - and the band is the envelope of all audit runs intersected with pass 1. That rule is monotone: it can only remove rows, never admit one on a favourable re-roll. band 850-1200."
